Id,Title,Merchant,Categories,Description,Terms,Coupon Code,URL,Status,Start Date,End Date,Offer Added At,Image URL
57785,Launching Nokia 6.1 @ only INR 16499,Tata Cliq,Electronics,,,,https://linksredirect.com/?pub_id=29755CL26816&url=https://www.tatacliq.com/nokia-6-1-32-gb-black-copper-3-gb-ram-dual-sim-4g/p-mp000000003014042,live,2018-05-18,2018-06-30,18/05/2018,https://cdn0.cuelinks.com/campaigns/2588/original/tata.png?1495706199
58072,Get 6% discount on Samsung M/W Con 28L MC28H5033CK/TL,Croma Retail,Electronics,,,3MAY5APL6P,https://linksredirect.com/?pub_id=29755CL26816&url=https://www.croma.com/search/?text=Samsung+M%2FW+Con+28L+MC28H5033CK%2FTL,live,2018-06-04,2018-06-06,04/06/2018,https://cdn0.cuelinks.com/campaigns/201/original/Croma_Retail.png?1493190022
58073,Get 5% discount on A.O.Smith Geyser 15L/Hor/HAS-15,Croma Retail,Electronics,,,3MAY5APS5P,https://linksredirect.com/?pub_id=29755CL26816&url=https://www.croma.com/search/?text=A.O.Smith+Geyser+15L%2FHor%2FHAS-15,live,2018-06-04,2018-06-06,04/06/2018,https://cdn0.cuelinks.com/campaigns/201/original/Croma_Retail.png?1493190022
58074,Get 5% discount on RACOLD Geyser 10L ANDRIS LUX PLUS,Croma Retail,Electronics,,,3MAY5APS5P,https://linksredirect.com/?pub_id=29755CL26816&url=https://www.croma.com/search/?text=RACOLD+Geyser+10L+ANDRIS+LUX+PLUS,live,2018-06-04,2018-06-06,04/06/2018,https://cdn0.cuelinks.com/campaigns/201/original/Croma_Retail.png?1493190022
58075,Get 5% discount on RACOLD Geyser 15L ANDRIS LUXPLUS,Croma Retail,Electronics,,,3MAY5APS5P,https://linksredirect.com/?pub_id=29755CL26816&url=https://www.croma.com/search/?text=RACOLD+Geyser+10L+ANDRIS+LUX+PLUS,live,2018-06-04,2018-06-06,04/06/2018,https://cdn0.cuelinks.com/campaigns/201/original/Croma_Retail.png?1493190022
58076,Get 5% discount on RACOLD Geyser 25L ANDRIS LUXPLUS,Croma Retail,Electronics,,,3MAY5APS5P,https://linksredirect.com/?pub_id=29755CL26816&url=https://www.croma.com/search/?text=RACOLD+Geyser+10L+ANDRIS+LUX+PLUS,live,2018-06-04,2018-06-06,04/06/2018,https://cdn0.cuelinks.com/campaigns/201/original/Croma_Retail.png?1493190022
58077,Get 5% discount on A.O.Smith Geyser 25L/Hor/HAS-25,Croma Retail,Electronics,,,3MAY5APS5P,https://linksredirect.com/?pub_id=29755CL26816&url=https://www.croma.com/search/?text=A.O.Smith+Geyser+25L%2FHor%2FHAS-25,live,2018-06-04,2018-06-06,04/06/2018,https://cdn0.cuelinks.com/campaigns/201/original/Croma_Retail.png?1493190022
58078,Get 8% discount on A.O.Smith Geyser 3Ltr/4.5KW,Croma Retail,Electronics,,,3MAY5APS8P,https://linksredirect.com/?pub_id=29755CL26816&url=https://www.croma.com/search/?text=A.O.Smith+Geyser+3Ltr%2F4.5KW,live,2018-06-04,2018-06-06,04/06/2018,https://cdn0.cuelinks.com/campaigns/201/original/Croma_Retail.png?1493190022
58079,Get 2% discount on PHILIPS Hair Dryer BHD007,Croma Retail,Electronics,,,3MAY5APS2P,https://linksredirect.com/?pub_id=29755CL26816&url=https://www.croma.com/search/?text=PHILIPS+Hair+Dryer+BHD007,live,2018-06-04,2018-06-06,04/06/2018,https://cdn0.cuelinks.com/campaigns/201/original/Croma_Retail.png?1493190022
58080,Get Rs.900 discount on Preethi JMG Zodiac 750W,Croma Retail,Electronics,,,3MAY5A18PS9H,https://linksredirect.com/?pub_id=29755CL26816&url=https://www.croma.com/search/?text=Preethi+JMG+Zodiac+750W,live,2018-06-04,2018-06-06,04/06/2018,https://cdn0.cuelinks.com/campaigns/201/original/Croma_Retail.png?1493190022
58081,Get Rs.2300 discount on Usha OTG 35L W3635RC,Croma Retail,Electronics,,,3MAY5A32PS2H,https://linksredirect.com/?pub_id=29755CL26816&url=https://www.croma.com/search/?text=Usha+OTG+35L+W3635RC,live,2018-06-04,2018-06-06,04/06/2018,https://cdn0.cuelinks.com/campaigns/201/original/Croma_Retail.png?1493190022
58082,Get Rs.235 discount on Bajaj Pedestal Fan Midea BP07 400mm,Croma Retail,Electronics,,,3MAY5A9PS2H,https://linksredirect.com/?pub_id=29755CL26816&url=https://www.croma.com/search/?text=Bajaj+Pedestal+Fan+Midea+BP07+400mm,live,2018-06-04,2018-06-06,04/06/2018,https://cdn0.cuelinks.com/campaigns/201/original/Croma_Retail.png?1493190022
58083,Get 15% discount on Philips COL hue Go,Croma Retail,Electronics,,,3MAY5APS15P,https://linksredirect.com/?pub_id=29755CL26816&url=https://www.croma.com/search/?text=Philips+COL+hue+Go,live,2018-06-04,2018-06-06,04/06/2018,https://cdn0.cuelinks.com/campaigns/201/original/Croma_Retail.png?1493190022
58084,Get Rs.1040 discount on Philips 2.1 ch Speaker MMS 8085B,Croma Retail,Electronics,,,3MAY5E5NT1K,https://linksredirect.com/?pub_id=29755CL26816&url=https://www.croma.com/search/?text=Philips+2.1+ch+Speaker+MMS+8085B,live,2018-06-04,2018-06-06,04/06/2018,https://cdn0.cuelinks.com/campaigns/201/original/Croma_Retail.png?1493190022
58085,Get 10% discount on PHILIPS 5.1ch Multimedia Spkr SPA5190Blk,Croma Retail,Electronics,,,3MAY5ENT10P,https://linksredirect.com/?pub_id=29755CL26816&url=https://www.croma.com/search/?text=PHILIPS+5.1ch+Multimedia+Spkr+SPA5190Blk,live,2018-06-04,2018-06-06,04/06/2018,https://cdn0.cuelinks.com/campaigns/201/original/Croma_Retail.png?1493190022
58086,Get Rs.3000 discount on Croma Wine Cooler CRAR2017,Croma Retail,Electronics,,,3MAY5C10RM3K,https://linksredirect.com/?pub_id=29755CL26816&url=https://www.croma.com/search/?text=Croma+Wine+Cooler+CRAR2017,live,2018-06-04,2018-06-06,04/06/2018,https://cdn0.cuelinks.com/campaigns/201/original/Croma_Retail.png?1493190022
58087,Get Rs.1000 discount on Croma W/D3Tap 19LRef CRAK10020,Croma Retail,Electronics,,,3MAY5C8RM1K,https://linksredirect.com/?pub_id=29755CL26816&url=https://www.croma.com/search/?text=Croma+W%2FD3Tap+19LRef+CRAK10020,live,2018-06-04,2018-06-06,04/06/2018,https://cdn0.cuelinks.com/campaigns/201/original/Croma_Retail.png?1493190022
58088,Get Rs.1000 discount on CROMA W/D3TAP TT CRAK10021,Croma Retail,Electronics,,,3MAY5C9RM1K,https://linksredirect.com/?pub_id=29755CL26816&url=https://www.croma.com/search/?text=CROMA+W%2FD3TAP+TT+CRAK10021,live,2018-06-04,2018-06-06,04/06/2018,https://cdn0.cuelinks.com/campaigns/201/original/Croma_Retail.png?1493190022
58089,Get Rs.10000 discount on HITACHI LED 4kSmrt 140cm LD55SYS02U-CIWN,Croma Retail,Electronics,,,3MAY5C11RM1K,https://linksredirect.com/?pub_id=29755CL26816&url=https://www.croma.com/search/?text=HITACHI+LED+4kSmrt+140cm+LD55SYS02U-CIWN,live,2018-06-04,2018-06-06,04/06/2018,https://cdn0.cuelinks.com/campaigns/201/original/Croma_Retail.png?1493190022
58090,Get Rs.30000 discount on HITACHI LED 4kSmrt 165cm LD65SYS02U-CIWN,Croma Retail,Electronics,,,3MAY5C12RM3K,https://linksredirect.com/?pub_id=29755CL26816&url=https://www.croma.com/search/?text=HITACHI+LED+4kSmrt+165cm+LD65SYS02U-CIWN,live,2018-06-04,2018-06-06,04/06/2018,https://cdn0.cuelinks.com/campaigns/201/original/Croma_Retail.png?1493190022
58091,Get Rs.500 discount on CROMA FOOD PROCESSOR CRAK1034 800W,Croma Retail,Electronics,,,3MAY5C7RM5H,https://linksredirect.com/?pub_id=29755CL26816&url=https://www.croma.com/search/?text=CROMA+FOOD+PROCESSOR+CRAK1034+800W,live,2018-06-04,2018-06-06,04/06/2018,https://cdn0.cuelinks.com/campaigns/201/original/Croma_Retail.png?1493190022
58092,Get Rs.200 discount on Croma 500W Mixer grinder CRK4163,Croma Retail,Electronics,,,3MAY5C3RM2H,https://linksredirect.com/?pub_id=29755CL26816&url=https://www.croma.com/search/?text=Croma+500W+Mixer+grinder+CRK4163,live,2018-06-04,2018-06-06,04/06/2018,https://cdn0.cuelinks.com/campaigns/201/original/Croma_Retail.png?1493190022
58093,Get Rs.300 discount on Croma 750W 4Jar Mixer Grinder CRK4162.,Croma Retail,Electronics,,,3MAY5C6RM3H,https://linksredirect.com/?pub_id=29755CL26816&url=https://www.croma.com/croma-crk4162-750w-4-jar-mixer-grinder-grey-/p/198714,live,2018-06-04,2018-06-06,04/06/2018,https://cdn0.cuelinks.com/campaigns/201/original/Croma_Retail.png?1493190022
58094,Get 20% discount on Croma Juice Extractor CRAK4156,Croma Retail,Electronics,,,3MAY5CRM20P,https://linksredirect.com/?pub_id=29755CL26816&url=https://www.croma.com/search/?text=Croma+Juice+Extractor+CRAK4156,live,2018-06-04,2018-06-06,04/06/2018,https://cdn0.cuelinks.com/campaigns/201/original/Croma_Retail.png?1493190022
58095,Get 3% discount on GODREJ REF DC 255L RDEDGEDUO225PD 4.2 EW,Croma Retail,Electronics,,,3MAY5APL3P,https://linksredirect.com/?pub_id=29755CL26816&url=https://www.croma.com/search/?text=GODREJ+REF+DC+255L+RDEDGEDUO225PD+4.2+EW,live,2018-06-04,2018-06-06,04/06/2018,https://cdn0.cuelinks.com/campaigns/201/original/Croma_Retail.png?1493190022
58096,Get 3% discount on GODREJ REF DC 225L RDEDGEDUO225PD 4.2 EB,Croma Retail,Electronics,,,3MAY5APL3P,https://linksredirect.com/?pub_id=29755CL26816&url=https://www.croma.com/search/?text=GODREJ+REF+DC+225L+RDEDGEDUO225PD+4.2+EB,live,2018-06-04,2018-06-06,04/06/2018,https://cdn0.cuelinks.com/campaigns/201/original/Croma_Retail.png?1493190022
58097,Get 3% discount on GODREJ REF DC 255L RDEDGEDUO225PD 4.2 EB,Croma Retail,Electronics,,,3MAY5APL3P,https://linksredirect.com/?pub_id=29755CL26816&url=https://www.croma.com/search/?text=GODREJ+REF+DC+255L+RDEDGEDUO225PD+4.2+EB,live,2018-06-04,2018-06-06,04/06/2018,https://cdn0.cuelinks.com/campaigns/201/original/Croma_Retail.png?1493190022
58098,Get 5% discount on E-WHIRLPOOL REF FF 292L IF 305 ELT AS 3S,Croma Retail,Electronics,,,3MAY5APL5P,https://linksredirect.com/?pub_id=29755CL26816&url=https://www.croma.com/search/?text=E-WHIRLPOOL+REF+FF+292L+IF+305+ELT+AS+3S,live,2018-06-04,2018-06-06,04/06/2018,https://cdn0.cuelinks.com/campaigns/201/original/Croma_Retail.png?1493190022
58099,Get 7% discount on BOSCH REF FF 401L KDN 46XI30I S6,Croma Retail,Electronics,,,3MAY5APL7P,https://linksredirect.com/?pub_id=29755CL26816&url=https://www.croma.com/search/?text=BOSCH+REF+FF+401L+KDN+46XI30I+S6,live,2018-06-04,2018-06-06,04/06/2018,https://cdn0.cuelinks.com/campaigns/201/original/Croma_Retail.png?1493190022
58100,Get 7% discount on BOSCH REF FF 507L KDN 56XI30I S6,Croma Retail,Electronics,,,3MAY5APL7P,https://linksredirect.com/?pub_id=29755CL26816&url=https://www.croma.com/search/?text=BOSCH+REF+FF+401L+KDN+46XI30I+S7,live,2018-06-04,2018-06-06,04/06/2018,https://cdn0.cuelinks.com/campaigns/201/original/Croma_Retail.png?1493190022
58101,Get 7% discount on E-HITACHI REF FF 650L R-WB730PND5-(XGR),Croma Retail,Electronics,,,3MAY5APL7P,https://linksredirect.com/?pub_id=29755CL26816&url=https://www.croma.com/search/?text=E-HITACHI+REF+FF+650L+R-WB730PND5-%28XGR%29,live,2018-06-04,2018-06-06,04/06/2018,https://cdn0.cuelinks.com/campaigns/201/original/Croma_Retail.png?1493190022
58102,Get 7% discount on HITACHI REF FF 404L R-SG38FPND GS,Croma Retail,Electronics,,,3MAY5APL7P,https://linksredirect.com/?pub_id=29755CL26816&url=https://www.croma.com/search/?text=HITACHI+REF+FF+404L+R-SG38FPND+GS,live,2018-06-04,2018-06-06,04/06/2018,https://cdn0.cuelinks.com/campaigns/201/original/Croma_Retail.png?1493190022
58103,Get 3% discount on GODREJ W/M SEMI 6.5KG GWS6502PPC,Croma Retail,Electronics,,,3MAY5APL3P,https://linksredirect.com/?pub_id=29755CL26816&url=https://www.croma.com/search/?text=GODREJ+W%2FM+SEMI+6.5KG+GWS6502PPC,live,2018-06-04,2018-06-06,04/06/2018,https://cdn0.cuelinks.com/campaigns/201/original/Croma_Retail.png?1493190022
58104,Get 6% discount on Samsung M/W Con 28L MC28H5033CK/TL,Croma Retail,Electronics,,,3MAY5APL6P,https://linksredirect.com/?pub_id=29755CL26816&url=https://www.croma.com/search/?text=Samsung+M%2FW+Con+28L+MC28H5033CK%2FTL,live,2018-06-04,2018-06-06,04/06/2018,https://cdn0.cuelinks.com/campaigns/201/original/Croma_Retail.png?1493190022
58105,Get 5% discount on PANASONIC W/AC 1.5T CW-LC181AM 3S,Croma Retail,Electronics,,,3MAY5APL5P,https://linksredirect.com/?pub_id=29755CL26816&url=https://www.croma.com/search/?text=PANASONIC+W%2FAC+1.5T+CW-LC181AM+3S,live,2018-06-04,2018-06-06,04/06/2018,https://cdn0.cuelinks.com/campaigns/201/original/Croma_Retail.png?1493190022
58106,Get 5% discount on LENOVO 14 IP320s HFIN 7Gi5 4GBN+Off GY,Croma Retail,Electronics,,,3MAY5CMP5P,https://linksredirect.com/?pub_id=29755CL26816&url=https://www.croma.com/hp-24-q254in-aio-7gi5-8gb2x+off/p/203327,live,2018-06-04,2018-06-06,04/06/2018,https://cdn0.cuelinks.com/campaigns/201/original/Croma_Retail.png?1493190022
58107,Get 5% discount on Lenovo 15 IP320 1XSIN 6Gi3 8GB2X +Off GY,Croma Retail,Electronics,,,3MAY5CMP5P,https://linksredirect.com/?pub_id=29755CL26816&url=https://www.croma.com/search/?text=Lenovo+15+IP320+1XSIN+6Gi3+8GB2X+%2BOff+GY,live,2018-06-04,2018-06-06,04/06/2018,https://cdn0.cuelinks.com/campaigns/201/original/Croma_Retail.png?1493190022
58108,Get 5% discount on LENOVO 15 IP330 1RIN 8Gi5 4GBN + Off GRY,Croma Retail,Electronics,,,3MAY5CMP5P,https://linksredirect.com/?pub_id=29755CL26816&url=https://www.croma.com/search?q=Lenovo+15+ips20+1XSIN+6Gi3+8GB2X+%2BOff+GY%3Arelevance%3AskuStockFlag%3Atrue,live,2018-06-04,2018-06-06,04/06/2018,https://cdn0.cuelinks.com/campaigns/201/original/Croma_Retail.png?1493190022
58109,Get 5% discount on LENOVO 15 IP330 5QIN 7Gi3 4GBN BLK,Croma Retail,Electronics,,,3MAY5CMP5P,https://linksredirect.com/?pub_id=29755CL26816&url=https://www.croma.com/search?q=Lenovo+15+ips20+1XSIN+6Gi3+8GB2X+%2BOff+GY%3Arelevance%3AskuStockFlag%3Atrue,live,2018-06-04,2018-06-06,04/06/2018,https://cdn0.cuelinks.com/campaigns/201/original/Croma_Retail.png?1493190022
58110,Get 5% discount on LENOVO 15 IP330 24IN 7Gi3 4GB2X GRY,Croma Retail,Electronics,,,3MAY5CMP5P,https://linksredirect.com/?pub_id=29755CL26816&url=https://www.croma.com/search?q=Lenovo+15+ips20+1XSIN+6Gi3+8GB2X+%2BOff+GY%3Arelevance%3AskuStockFlag%3Atrue,live,2018-06-04,2018-06-06,04/06/2018,https://cdn0.cuelinks.com/campaigns/201/original/Croma_Retail.png?1493190022
58111,Get 10% discount on Sony LED 80cm KLV-32R422E,Croma Retail,Electronics,,,4MAY5ENT10P,https://linksredirect.com/?pub_id=29755CL26816&url=https://www.croma.com/search/?text=Sony+LED+80cm+KLV-32R422E,live,2018-06-04,2018-06-06,04/06/2018,https://cdn0.cuelinks.com/campaigns/201/original/Croma_Retail.png?1493190022
58112,Get 15% discount on LG LED 80cm 32LJ616D,Croma Retail,Electronics,,,3MAY5ENT15P,https://linksredirect.com/?pub_id=29755CL26816&url=https://www.croma.com/lg-32lj616d-80cm-32inch-hd-slim-led-smart-tv-2017-edition-/p/203599,live,2018-06-04,2018-06-06,04/06/2018,https://cdn0.cuelinks.com/campaigns/201/original/Croma_Retail.png?1493190022
58113,Get 18% discount on LG LED 80cm 32LJ542D,Croma Retail,Electronics,,,3MAY5ENT18P,https://linksredirect.com/?pub_id=29755CL26816&url=https://www.croma.com/lg-32lj542d-80cm-32inch-hd-slim-led-tv-2017-edition-/p/203602,live,2018-06-04,2018-06-06,04/06/2018,https://cdn0.cuelinks.com/campaigns/201/original/Croma_Retail.png?1493190022
58114,Get 12% discount on LG LED 80cm 32LJ573D,Croma Retail,Electronics,,,3MAY5ENT12P,https://linksredirect.com/?pub_id=29755CL26816&url=https://www.croma.com/lg-32lj573d-80cm-32-inch-hd-led-smart-tv/p/203600,live,2018-06-04,2018-06-06,04/06/2018,https://cdn0.cuelinks.com/campaigns/201/original/Croma_Retail.png?1493190022
58115,Get 15% discount on LG LED 109cm 43LJ531T,Croma Retail,Electronics,,,3MAY5ENT15P,https://linksredirect.com/?pub_id=29755CL26816&url=https://www.croma.com/lg-43lj531t-109cm-43inch-full-hd-led-tv/p/203595,live,2018-06-04,2018-06-06,04/06/2018,https://cdn0.cuelinks.com/campaigns/201/original/Croma_Retail.png?1493190022
58116,Get 25% discount on LG LED 108cm 43UJ752T UHD/4K,Croma Retail,Electronics,,,3MAY5ENT25P,https://linksredirect.com/?pub_id=29755CL26816&url=https://www.croma.com/lg-43uj752t-109cm-43inch-ultra-hd-smart-led-tv-2017-edition-/p/203584,live,2018-06-04,2018-06-06,04/06/2018,https://cdn0.cuelinks.com/campaigns/201/original/Croma_Retail.png?1493190022
58117,Get 18% discount on LG LED 109cm 43UJ632T UHD/4K,Croma Retail,Electronics,,,3MAY5ENT18P,https://linksredirect.com/?pub_id=29755CL26816&url=https://www.croma.com/lg-43uj632t-109cm-43inch-ultra-hd-4k-smart-led-tv-2017-edition-/p/203586,live,2018-06-04,2018-06-06,04/06/2018,https://cdn0.cuelinks.com/campaigns/201/original/Croma_Retail.png?1493190022
58118,Get 15% discount on LG LED 109cm 43LJ617T,Croma Retail,Electronics,,,3MAY5ENT15P,https://linksredirect.com/?pub_id=29755CL26816&url=https://www.croma.com/lg-43lj617t-109cm-43inch-full-hd-smart-led-tv-2017-edition-/p/203593,live,2018-06-04,2018-06-06,04/06/2018,https://cdn0.cuelinks.com/campaigns/201/original/Croma_Retail.png?1493190022
58119,Get 10% discount on SONY LED 124cm KLV-49W772E,Croma Retail,Electronics,,,4MAY5ENT10P,https://linksredirect.com/?pub_id=29755CL26816&url=https://www.croma.com/sony-klv-49w772e-123-2cm-49inch-full-hd-led-tv/p/203376,live,2018-06-04,2018-06-06,04/06/2018,https://cdn0.cuelinks.com/campaigns/201/original/Croma_Retail.png?1493190022
58120,Get 15% discount on LG LED 109cm 43LJ554T,Croma Retail,Electronics,,,3MAY5ENT15P,https://linksredirect.com/?pub_id=29755CL26816&url=https://www.croma.com/lg-43lj554t-109cm-43inch-full-hd-led-smart-tv/p/203594,live,2018-06-04,2018-06-06,04/06/2018,https://cdn0.cuelinks.com/campaigns/201/original/Croma_Retail.png?1493190022
58121,Get 12% discount on LG LED 124cm 49UJ752T UHD/4K,Croma Retail,Electronics,,,3MAY5ENT12P,https://linksredirect.com/?pub_id=29755CL26816&url=https://www.croma.com/lg-43uj632t-109cm-43inch-ultra-hd-4k-smart-led-tv-2017-edition-/p/203586,live,2018-06-04,2018-06-06,04/06/2018,https://cdn0.cuelinks.com/campaigns/201/original/Croma_Retail.png?1493190022
58122,Get 17% discount on LG LED 124cm 49UJ632T UHD/4K,Croma Retail,Electronics,,,3MAY5ENT17P,https://linksredirect.com/?pub_id=29755CL26816&url=https://www.croma.com/lg-43lj617t-109cm-43inch-full-hd-smart-led-tv-2017-edition-/p/203593,live,2018-06-04,2018-06-06,04/06/2018,https://cdn0.cuelinks.com/campaigns/201/original/Croma_Retail.png?1493190022
58123,Get 17% discount on LG LED 139cm 55UJ632T UHD/4K,Croma Retail,Electronics,,,3MAY5ENT17P,https://linksredirect.com/?pub_id=29755CL26816&url=https://www.croma.com/sony-klv-49w772e-123-2cm-49inch-full-hd-led-tv/p/203376,live,2018-06-04,2018-06-06,04/06/2018,https://cdn0.cuelinks.com/campaigns/201/original/Croma_Retail.png?1493190022
58124,Get 18% discount on LG LED 164cm 65UJ632T UHD/4K,Croma Retail,Electronics,,,3MAY5ENT18P,https://linksredirect.com/?pub_id=29755CL26816&url=https://www.croma.com/lg-43lj554t-109cm-43inch-full-hd-led-smart-tv/p/203594,live,2018-06-04,2018-06-06,04/06/2018,https://cdn0.cuelinks.com/campaigns/201/original/Croma_Retail.png?1493190022
58125,Get Rs.2000 discount on SONY LED 101.6 cm KLV- 40R352F,Croma Retail,Electronics,,,3MAY5E4NT2K,https://linksredirect.com/?pub_id=29755CL26816&url=https://www.croma.com/lg-49uj752t-124cm-49inch-ultra-hd-4k-smart-led-tv-2017-edition-/p/203582,live,2018-06-04,2018-06-06,04/06/2018,https://cdn0.cuelinks.com/campaigns/201/original/Croma_Retail.png?1493190022
58126,Get Rs.2000 discount on SONY LED 108 cm KLV- 43W662F,Croma Retail,Electronics,,,3MAY5E5NT2K,https://linksredirect.com/?pub_id=29755CL26816&url=https://www.croma.com/lg-49uj632t-124cm-49inch-uhd-4k-smart-led-tv-2017-edition-/p/203583,live,2018-06-04,2018-06-06,04/06/2018,https://cdn0.cuelinks.com/campaigns/201/original/Croma_Retail.png?1493190022
58127,Get Rs.5000 discount on SONY LED 125.70 cm KLV-50W662F,Croma Retail,Electronics,,,3MAY5E12NT5K,https://linksredirect.com/?pub_id=29755CL26816&url=https://www.croma.com/lg-55uj632t-139cm-55inch-ultra-hd-4k-tv-2017-edition-/p/203580,live,2018-06-04,2018-06-06,04/06/2018,https://cdn0.cuelinks.com/campaigns/201/original/Croma_Retail.png?1493190022
58128,Get Rs.2000 discount on SONY LED 101.6 cm KLV- 40R252F,Croma Retail,Electronics,,,3MAY5E6NT2K,https://linksredirect.com/?pub_id=29755CL26816&url=https://www.croma.com/lg-65uj632t-164cm-65inch-ultra-hd-led-tv/p/203569,live,2018-06-04,2018-06-06,04/06/2018,https://cdn0.cuelinks.com/campaigns/201/original/Croma_Retail.png?1493190022
58129,Get Rs.50000 discount on SONY LED 189.3 cms 75X8500F UHD/4K,Croma Retail,Electronics,,,3MAY5E21NT5K,https://linksredirect.com/?pub_id=29755CL26816&url=https://www.croma.com/sony-101-6-cm-40-inch-full-hd-led-tv-black-klv-40r352f-/p/209268,live,2018-06-04,2018-06-06,04/06/2018,https://cdn0.cuelinks.com/campaigns/201/original/Croma_Retail.png?1493190022
58130,Get Rs.15000 discount on SONY LED 138.8cm 55X8500F UHD/4K,Croma Retail,Electronics,,,3MAY5E17NT1K,https://linksredirect.com/?pub_id=29755CL26816&url=https://www.croma.com/sony-108-cm-43-inch-full-hd-led-smart-tv-black-klv-43w662f-/p/209269,live,2018-06-04,2018-06-06,04/06/2018,https://cdn0.cuelinks.com/campaigns/201/original/Croma_Retail.png?1493190022
58131,Get Rs.20000 discount on SONY LED 138.8cm 55X9000F UHD/4K,Croma Retail,Electronics,,,3MAY5E18NT2K,https://linksredirect.com/?pub_id=29755CL26816&url=https://www.croma.com/sony-102-cm-40-inch-full-hd-led-tv-black-klv-40r252f-/p/209328,live,2018-06-04,2018-06-06,04/06/2018,https://cdn0.cuelinks.com/campaigns/201/original/Croma_Retail.png?1493190022
58215,Get Aux Cable Selfie Stick @Rs.109,ShopClues,Electronics,,,,https://linksredirect.com/?pub_id=29755CL26816&url=https://www.shopclues.com/pinnaclz-sky-blue-full-size-selfie-stick-with-aux-in-sky-blue-135889088.html,live,2018-06-06,2018-06-13,06/06/2018,https://cdn0.cuelinks.com/campaigns/152/original/Shopclues.png?1493899872
58216,Get MTR Dual Sim Phone @Rs.519,ShopClues,Electronics,,,,https://linksredirect.com/?pub_id=29755CL26816&url=https://www.shopclues.com/mtr-mt312-dual-sim-mobile-phone-blue-color-131046271.html?ty=0&id=t160228894,live,2018-06-06,2018-06-13,06/06/2018,https://cdn0.cuelinks.com/campaigns/152/original/Shopclues.png?1493899872
58217,YU Yureka AO5510 (16GB) @Rs.4699,ShopClues,Electronics,,,,https://linksredirect.com/?pub_id=29755CL26816&url=https://www.shopclues.com/yu-yureka-ao5510-16gb-excellent-condition-3-months-warranty-refurbished-136636553.html?ty=0&id=t160228894&mcid=aff&tid=nh,live,2018-06-06,2018-06-13,06/06/2018,https://cdn0.cuelinks.com/campaigns/152/original/Shopclues.png?1493899872
58218,Apple MacBook Air (MQD32HN/A) (i5/8GB/128GB/33.78cm(13.3)/OS X) Silver @ 52999,Tata Cliq,Electronics,,,,https://linksredirect.com/?pub_id=29755CL26816&url=https://www.tatacliq.com/apple-macbook-air-mqd32hn-a-i5-8gb-128gb-33-78cm13-3-os-x-silver/p-mp000000001648426,live,2018-06-06,2018-06-11,06/06/2018,https://cdn0.cuelinks.com/campaigns/2588/original/tata.png?1495706199
58219,HP 15-BS180TX (8th Gen i5/8GB/2TB/39.62cm(15.6)/DOS/2GB) Sparkling Black @ Rs. 40999,Tata Cliq,Electronics,,,,https://linksredirect.com/?pub_id=29755CL26816&url=https://www.tatacliq.com/hp-15-bs180tx-8th-gen-i5-8gb-2tb-39-62cm15-6-dos-2gb-sparkling-black/p-mp000000002970790,live,2018-06-06,2018-06-11,06/06/2018,https://cdn0.cuelinks.com/campaigns/2588/original/tata.png?1495706199
58220,HP 15-BW098AU (AMD E2/4GB/1TB/39.62cm(15.6)/DOS) Black @ Rs. 17999,Tata Cliq,Electronics,,,,https://linksredirect.com/?pub_id=29755CL26816&url=https://www.tatacliq.com/hp-15-bw098au-amd-e2-4gb-1tb-39-62cm15-6-dos-black/p-mp000000001756737,live,2018-06-06,2018-06-11,06/06/2018,https://cdn0.cuelinks.com/campaigns/2588/original/tata.png?1495706199
58227,Samsung On7 Prime Black 64GB|Samsung Mall with Visual Search,Samsung eStore,Electronics,,,,https://linksredirect.com/?pub_id=29755CL26816&url=https://shop.samsung.com/in/on7-prime-64gb.html,live,2018-06-06,2018-06-08,06/06/2018,https://cdn0.cuelinks.com/campaigns/3361/original/Samsung-eStore.png?1506492713
58228,Samsung On7 Prime Gold 64GB|Samsung Mall with Visual Search,Samsung eStore,Electronics,,,,https://linksredirect.com/?pub_id=29755CL26816&url=https://shop.samsung.com/in/on7-prime-64gb.html,live,2018-06-06,2018-06-08,06/06/2018,https://cdn0.cuelinks.com/campaigns/3361/original/Samsung-eStore.png?1506492713
58229,Samsung On7 Prime Black 32GB|Samsung Mall with Visual Search,Samsung eStore,Electronics,,,,https://linksredirect.com/?pub_id=29755CL26816&url=https://shop.samsung.com/in/on7-prime-32gb.html,live,2018-06-06,2018-06-08,06/06/2018,https://cdn0.cuelinks.com/campaigns/3361/original/Samsung-eStore.png?1506492713
58230,Samsung On7 Prime Gold 32GB|Samsung Mall with Visual Search,Samsung eStore,Electronics,,,,https://linksredirect.com/?pub_id=29755CL26816&url=https://shop.samsung.com/in/on7-prime-32gb.html,live,2018-06-06,2018-06-08,06/06/2018,https://cdn0.cuelinks.com/campaigns/3361/original/Samsung-eStore.png?1506492713
58231,Samsung Galaxy On Nxt Black|64 GB|13.88 cm (5.5) Full HD Display|3300 mAH|13MP Camera,Samsung eStore,Electronics,,,,https://linksredirect.com/?pub_id=29755CL26816&url=https://shop.samsung.com/in/on-nxt-64gb.html,live,2018-06-06,2018-06-08,06/06/2018,https://cdn0.cuelinks.com/campaigns/3361/original/Samsung-eStore.png?1506492713
58232,Samsung Galaxy On Nxt Gold|64 GB|13.88 cm (5.5) Full HD Display|3300 mAH|13MP Camera,Samsung eStore,Electronics,,,,https://linksredirect.com/?pub_id=29755CL26816&url=https://shop.samsung.com/in/on-nxt-64gb.html,live,2018-06-06,2018-06-08,06/06/2018,https://cdn0.cuelinks.com/campaigns/3361/original/Samsung-eStore.png?1506492713
58233,"Samsung Galaxy On Nxt Black|16 GB|13.88 cm (5.5) Full HD Display, 3300 mAh, 13MP Camera",Samsung eStore,Electronics,,,,https://linksredirect.com/?pub_id=29755CL26816&url=https://shop.samsung.com/in/on-nxt-16gb.html,live,2018-06-06,2018-06-08,06/06/2018,https://cdn0.cuelinks.com/campaigns/3361/original/Samsung-eStore.png?1506492713
58234,"Samsung Galaxy On Nxt Gold|16 GB|13.88 cm (5.5) Full HD Display, 3300 mAh, 13MP Camera",Samsung eStore,Electronics,,,,https://linksredirect.com/?pub_id=29755CL26816&url=https://shop.samsung.com/in/on-nxt-16gb.html,live,2018-06-06,2018-06-08,06/06/2018,https://cdn0.cuelinks.com/campaigns/3361/original/Samsung-eStore.png?1506492713
58235,"Samsung Galaxy On7 Pro Black|13.86 cm (5.5) Display, 13 MP Camera, 2GB RAM, Quadcore processor Buy @ Official Online Samsung Shop",Samsung eStore,Electronics,,,,https://linksredirect.com/?pub_id=29755CL26816&url=https://shop.samsung.com/in/galaxy-on7-pro.html,live,2018-06-06,2018-06-08,06/06/2018,https://cdn0.cuelinks.com/campaigns/3361/original/Samsung-eStore.png?1506492713
58236,"Samsung Galaxy On7 Pro Gold|13.86 cm (5.5) Display, 13 MP Camera, 2GB RAM, Quadcore processor Buy @ Official Online Samsung Shop",Samsung eStore,Electronics,,,,https://linksredirect.com/?pub_id=29755CL26816&url=https://shop.samsung.com/in/galaxy-on7-pro.html,live,2018-06-06,2018-06-08,06/06/2018,https://cdn0.cuelinks.com/campaigns/3361/original/Samsung-eStore.png?1506492713
58237,"Samsung Galaxy J3 Pro Black|12.63 cm (5.0) Display, 8 MP Main camera",Samsung eStore,Electronics,,,,https://linksredirect.com/?pub_id=29755CL26816&url=https://shop.samsung.com/in/j3-pro.html,live,2018-06-06,2018-06-08,06/06/2018,https://cdn0.cuelinks.com/campaigns/3361/original/Samsung-eStore.png?1506492713
58238,"Samsung Galaxy J3 Pro Gold|12.63 cm (5.0) Display, 8 MP Main camera",Samsung eStore,Electronics,,,,https://linksredirect.com/?pub_id=29755CL26816&url=https://shop.samsung.com/in/j3-pro.html,live,2018-06-06,2018-06-08,06/06/2018,https://cdn0.cuelinks.com/campaigns/3361/original/Samsung-eStore.png?1506492713
58239,"Samsung Galaxy J3 Pro White|12.63 cm (5.0) Display, 8 MP Main camera",Samsung eStore,Electronics,,,,https://linksredirect.com/?pub_id=29755CL26816&url=https://shop.samsung.com/in/j3-pro.html,live,2018-06-06,2018-06-08,06/06/2018,https://cdn0.cuelinks.com/campaigns/3361/original/Samsung-eStore.png?1506492713
58240,"Samsung Galaxy On5 Pro Black|12.67 cm (5.0) HD Display, 8 MP Camera, 2GB RAM, Quadcore processor Buy @ Official Samsung eShop",Samsung eStore,Electronics,,,,https://linksredirect.com/?pub_id=29755CL26816&url=https://shop.samsung.com/in/galaxy-on5-pro.html,live,2018-06-06,2018-06-08,06/06/2018,https://cdn0.cuelinks.com/campaigns/3361/original/Samsung-eStore.png?1506492713
58241,"Samsung Galaxy On5 Pro Gold|12.67 cm (5.0) HD  Display, 8 MP Camera, 2GB RAM, Quadcore processor Buy @ Official Samsung eShop",Samsung eStore,Electronics,,,,https://linksredirect.com/?pub_id=29755CL26816&url=https://shop.samsung.com/in/galaxy-on5-pro.html,live,2018-06-06,2018-06-08,06/06/2018,https://cdn0.cuelinks.com/campaigns/3361/original/Samsung-eStore.png?1506492713
58242,Samsung Galaxy On5 Black|12.67 cm (5.0) HD Display | 2600 mAh Battery,Samsung eStore,Electronics,,,,https://linksredirect.com/?pub_id=29755CL26816&url=https://shop.samsung.com/in/galaxy-on5.html,live,2018-06-06,2018-06-08,06/06/2018,https://cdn0.cuelinks.com/campaigns/3361/original/Samsung-eStore.png?1506492713
58243,Samsung Galaxy On5 Gold|12.67 cm (5.0) HD Display | 2600 mAh Battery,Samsung eStore,Electronics,,,,https://linksredirect.com/?pub_id=29755CL26816&url=https://shop.samsung.com/in/galaxy-on5.html,live,2018-06-06,2018-06-08,06/06/2018,https://cdn0.cuelinks.com/campaigns/3361/original/Samsung-eStore.png?1506492713
58257,"Buy JBL GO+ Portable Bluetooth Speaker at Rs.3,499",Harman Audio,Electronics,,,,https://linksredirect.com/?pub_id=29755CL26816&url=https://harmanaudio.in/jbl-go-plus-portable-bluetooth-speaker.html,live,2018-06-06,2018-06-30,06/06/2018,https://cdn0.cuelinks.com/campaigns/3404/original/unnamed.png?1510663185
58258,"Buy JBL T110BT In Ear Headphones at just Rs.1,899",Harman Audio,Electronics,,,,https://linksredirect.com/?pub_id=29755CL26816&url=https://harmanaudio.in/jbl-t110bt-in-ear-headphones.html,live,2018-06-06,2018-06-30,06/06/2018,https://cdn0.cuelinks.com/campaigns/3404/original/unnamed.png?1510663185
58260,"Buy Kodak 140 Cm (55 Inch) 4k Ultra HD LED Smart TV ( 55UHDXSMART,Black) at just Rs.41,999",Croma Retail,Electronics,,,,https://linksredirect.com/?pub_id=29755CL26816&url=https://www.croma.com/kodak-140-cm-55-inch-4k-ultra-hd-led-smart-tv-55uhdxsmart-black-/p/209876,live,2018-06-06,2018-06-30,06/06/2018,https://cdn0.cuelinks.com/campaigns/201/original/Croma_Retail.png?1493190022
58261,Get 10% off on all products,Mivi,Electronics,,,HURRAY,https://linksredirect.com/?pub_id=29755CL26816&url=https://mivi.in/,live,2018-06-06,2018-06-30,06/06/2018,https://cdn0.cuelinks.com/campaigns/3618/original/Mivi.png?1526627239
